faculty,degree,curriculum,docx_id,pdf_id,chunk1_start,chunk1_end,chunk2_start,chunk2_end,chunk3_start,chunk3_end,chunk4_start,chunk4_end
คณะสหเวชศาสตร์,ตรี,วท.บ. สาขาวิชารังสีเทคนิค (ปรับปรุง 2565),1qBHt9miVdmMMmzE7VwfYFUrHS9hRygCf,13KoP59dI3TxSZzvPSCewxqLC0Qaj49kl,1,52,52.0,78.0,24.0,75.0,76,86
คณะสหเวชศาสตร์,ตรี,ศศ.บ. สาขาวิชาการฝึกสอนกีฬา (ปรับปรุง 2567),1TpKT2DqmH9QxejyqElEHQniv4wdHgK75,1yVggfbQqAD2aM5dlX4YlWy7S-JtdBPuS,1,9,9.0,18.0,21.0,45.0,48,59
คณะสหเวชศาสตร์,ตรี,วท.บ. สาขาวิชาวิทยาศาสตร์การกีฬาและการออก กำลังกาย (ปรับปรุง 2566),1CVpRhA6ZnX7HVr7bmF-yITkusdqPqT5U,1d26xhXaoTemUfNQbxmQjyLkZW6_QV8I7,1,8,8.0,19.0,22.0,57.0,60,72
คณะสหเวชศาสตร์,ตรี,วท.บ. สาขาวิชากายภาพบำบัด (ปรับปรุง 2569),12gr9b0vo3rSpiCMyisaCf9NIrUPbhyBQ,1Z_0zWJQQCrjyEvivrt1lr4ys6FmfkMmO,1,11,11.0,16.0,18.0,36.0,50,64
คณะสหเวชศาสตร์,ตรี,ศศ.บ. สาขาวิชาการจัดการกีฬา (ปรับปรุง 2567),1G6cSp_Hl-7X_RW2sFN0YOUYQFA4VOyZr,1b6fLkpmLF7ZZI1QCUXzxQBUibnr4uWlF,1,8,8.0,16.0,21.0,42.0,44,56
คณะสหเวชศาสตร์,ตรี,เทคนิคการแพทยบัณฑิต (ปรับปรุง 2566),1qDM3IeA1gw7syB9ZGruZpwmaiwDe5RPX,1ICcbYgQ263h1BPdQNdWNfJ2-21HKh8kS,1,16,16.0,23.0,26.0,53.0,67,68
สถาบันเทคโนโลยีนานาชาติสิรินธร,ตรี,3. วิศวกรรมศาสตรบัณฑิต สาขาวิชาวิศวกรรมโยธา (นานาชาติ) (ปรับปรุง 2566),1im1ja9qFKzdLt-10pzYHhdH7XK9G7hww,17v79HRclIGD6ISzARhtS0jVsZppkj8gF,1,8,8.0,15.0,19.0,45.0,47,61
สถาบันเทคโนโลยีนานาชาติสิรินธร,ตรี,5. วิศวกรรมศาสตรบัณฑิต สาขาวิชาวิศวกรรมเคมี (นานาชาติ) (ปรับปรุง 2566),1P2g8q16Ty-BisyWXqCaTJL2ugzxDls_-,1JIlPsMDJuuDJandk1JGZIvWs8_5Okptn,1,9,9.0,16.0,20.0,44.0,47,62
สถาบันเทคโนโลยีนานาชาติสิรินธร,ตรี,4. วิศวกรรมศาสตรบัณฑิต สาขาวิชาวิศวกรรมเครื่องกล (นานาชาติ) (ปรับปรุง 2566),1UaQ3fbsES12f_YZh3SGAxH5BMTPKx1X6,1aFL98rRUYDDHNWnNTULl0jPJ-DgCLAYb,1,8,8.0,16.0,20.0,49.0,51,64
สถาบันเทคโนโลยีนานาชาติสิรินธร,ตรี,6. วิทยาศาสตรบัณฑิต สาขาวิชาการวิเคราะห์ธุรกิจและโซ่อุปทาน (นานาชาติ) (ปรับปรุง 2566),1HpyspLq5nmsyZuVVE7bxez9zrw6OUOkq,14WjEukTfKU6sjxke4FpBFvgJ9XPh72FW,1,9,9.0,20.0,26.0,68.0,70,85
สถาบันเทคโนโลยีนานาชาติสิรินธร,ตรี,1. วิศวกรรมศาสตรบัณฑิต สาขาวิชาวิศวกรรมไฟฟ้า (นานาชาติ) (ปรับปรุง 2566),1Qk-nsXnN9SIIliNeU5v4ygRJQ-ub6Sh8,1k0IEMIhSK1aQnT9rj_AM838F8kM6YqZd,1,9,9.0,19.0,26.0,58.0,60,75
สถาบันเทคโนโลยีนานาชาติสิรินธร,ตรี,7. วิศวกรรมศาสตรบัณฑิต สาขาวิชาวิศวกรรมคอมพิวเตอร์ (นานาชาติ) (ปรับปรุง 2566),1-U6tTKeBIQYeXzRPSIu1hkP9rqM4Xa_8,1ccSbtCjWBBosIWdDG_Ml-SWAc_3oc1AA,1,11,11.0,21.0,27.0,56.0,58,75
สถาบันเทคโนโลยีนานาชาติสิรินธร,ตรี,8. วิศวกรรมศาสตรบัณฑิต สาขาวิชาวิศวกรรมดิจิทัล (นานาชาติ) (ปรับปรุง 2566),10iBc91SZF7VGHV9tOgykX_kiq4vhT8L7,1nm7PwMewbZf0wT99jUkU9uzMt6To1Q7D,1,10,10.0,19.0,30.0,61.0,63,77
สถาบันเทคโนโลยีนานาชาติสิรินธร,ตรี,2. วิศวกรรมศาสตรบัณฑิต สาขาวิชาวิศวกรรมอุตสาหการฯ (นานาชาติ) (ปรับปรุง 2566),1NC_EiF6j8r_MiCO51CpQ4wDT1ATIN6u2,1POJaYjWdm6DDfnvAiCJokpRajXDlXG-N,1,10,10.0,18.0,20.0,48.0,50,65
สถาบันภาษา,ตรี,วิชาโทภาษาอังกฤษเพื่อการสื่อสารเชิงวิชาชีพ (ปรับปรุง 2566),1_LM_kU4C6tOVf9VWkdy1zLGQFBIxgCvj,1DGVjkQeqDICh6oc1T63Q3XqCCauTz53Q,1,8,8.0,12.0,12.0,23.0,26,47
คณะพาณิชยศาสตร์และการบัญชี,ตรี,บริหารธุรกิจบัณฑิต (นานาชาติ-ปรับปรุง 66),1OVcxlA3SyokhED7-kXgie8QAkNzKf7EI,1fgle0Q9ifR_dixqgti-kE-2llOJnwrYw,1,9,9.0,30.0,39.0,103.0,108,122
คณะพาณิชยศาสตร์และการบัญชี,ตรี,บัญชีบัณฑิต (ปรับปรุง 66),1Lk5TKHZcBUBtXQZ6J6YmUjVtOxefwd1w,1YPKrswnmKqf337GhSmNv6PyzWewfejg7,1,14,14.0,31.0,36.0,96.0,109,122
คณะพาณิชยศาสตร์และการบัญชี,ตรี,ควบ บธ.บ. สาขาวิชาการจัดการธุรกิจแบบบูรณาการ (ปรับปรุง 66),1tDyoCs7EOOjd4XUfnJAG-FHSuho5QKHG,1ti-65je1J2x-HeBe48GVU5cHKDMmefEo,1,10,10.0,18.0,22.0,47.0,53,63
คณะพาณิชยศาสตร์และการบัญชี,ตรี,ควบ บช.บ. สาขาวิชาการบัญชีธุรกิจแบบบูรณาการ (ปรับปรุง 66),1sf605UFcV5tQDX-STOR7gHVIiUAxi0iS,1enWMnh7EgR390LzDqERtgv4lV1H1OMNy,1,9,9.0,16.0,18.0,41.0,46,56
คณะพาณิชยศาสตร์และการบัญชี,ตรี,บัญชีบัณฑิต (นานาชาติ-ปรับปรุง 66),1ENUaKAImSNwzqkj3b-AZ69hNhiME2sZU,1RbpBSVQetmW_xfClKC9velvUgMpRy5_B,1,14,14.0,31.0,36.0,96.0,109,121
คณะพาณิชยศาสตร์และการบัญชี,ตรี,ควบ บธ.บ. สาขาวิชาการจัดการธุรกิจแบบบูรณาการ (นานาชาติ-ใหม่ 2569),1YdOY2wg1GDA06NiKhMFAIsEG9158IfcA,1BuRHEYFGX0uQRJaiAG_Wo8TLnuZfxIZa,1,14,14.0,22.0,26.0,51.0,71,85
คณะพาณิชยศาสตร์และการบัญชี,ตรี,บริหารธุรกิจบัณฑิต (ปรับปรุง 66),1MUOet_7F7i50RMviqsJZV2s-y9a6rS2r,1_3kvrlNYZBZ6RrASrEcQQXZdI7QdcMQV,1,10,10.0,69.0,93.0,199.0,204,222
คณะสังคมวิทยาและมานุษยวิทยา,ตรี,2.สม.บ.การวิจัยทางสังคม (ปรับปรุง พ.ศ.2566),1_7NihGpTBtcK4x9NXgN6WSA2iLcwYOYQ,1ANeZuC333qLTZjatZKKKh2ZeX52a6h8J,1,10,10.0,22.0,6.0,68.0,71,85
คณะสังคมวิทยาและมานุษยวิทยา,ตรี,1.สม.บ.สังคมวิทยาและมานุษยวิทยา (ปรับปรุง พ.ศ.2566),11j_CDP9Ccx4rA5cVcKSbG4sUIIJ9wIoC,1dEPX67WppSsd5gANV9R1Sd2WzBcwRpYH,1,10,10.0,26.0,6.0,72.0,75,89
คณะวิทยาการเรียนรู้และศึกษาศาสตร์,ตรี,ศศ.บ.วิทยาการเรียนรู้,1YWnbcFOdQ2Efvt2lgQ4CyYmXwIoeOjFp,1M4gqinQvBJeTEWIYvoNt-eqRAgKfkbgp,1,11,11.0,18.0,20.0,39.0,47,56
คณะวิทยาการเรียนรู้และศึกษาศาสตร์,ตรี,ศศ.บ.ศักยภาพมนุษย์และสุขภาวะ,1BobjyZ4ePEonAw2-AksVZwzEx5OXoSFD,1EnjPZeeDrSA8ihlqJfHVhAg84uwkXQ2k,1,13,13.0,24.0,26.0,53.0,75,89
คณะสาธารณสุขศาสตร์,ตรี,2. วิทยาศาสตรบัณฑิต สาขาวิชาอาชีวอนามัยและความปลอดภัย  (ปรับปรุง 2566) ศูนย์รังสิต,1qDZgan7JbsZkl5oGfH-C86gB1zrUT9wZ,1my8o_2v0egrGrEkEvTu9188Y51AOfzPJ,1,10,10.0,19.0,23.0,54.0,62,75
คณะสาธารณสุขศาสตร์,ตรี,6. วิทยาศาสตรบัณฑิต สาขาวิชาอนามัยชุมชน (ปรับปรุง 2568),1OuKJIjLB_AEUp5IslVL932LnspOc-mrU,1mMwFi73QRSlEF8A9RShVNATzfFG3kcwZ,1,9,9.0,18.0,22.0,49.0,52,62
คณะสาธารณสุขศาสตร์,ตรี,4. วิทยาศาสตรบัณฑิต สาขาวิชาอนามัยสิ่งแวดล้อม (ปรับปรุง 2566) ศูนย์รังสิต,1Dtn0zD0QhvmxYEV0fYdFgL4bWHDLqBoA,1xZ0_tZsFOQtJ4VoPtjckPEBX92nLeA23,1,10,10.0,19.0,23.0,52.0,56,70
คณะสาธารณสุขศาสตร์,ตรี,5. วิทยาศาสตรบัณฑิต สาขาวิชาอนามัยสิ่งแวดล้อม (ปรับปรุง 2566) ศูนย์ลำปาง,19St3TtkUs5qeZN-cBGl14LoBfvhCCRak,1EUcCeuOEihTpnzu7vc5-LDRO6KJBG6Gm,1,10,10.0,20.0,24.0,53.0,57,70
คณะสาธารณสุขศาสตร์,ตรี,3. วิทยาศาสตรบัณฑิต สาขาวิชาอาชีวอนามัยและความปลอดภัย (ปรับปรุง 2566) ศูนย์ลำปาง,1mgi3JoXd55-5uo7wv3LZMMGsvOuHmxsw,1YiIyiUx7GhdA_Zb8ny04sQE91pAXtxec,1,10,10.0,19.0,23.0,54.0,62,74
คณะสาธารณสุขศาสตร์,ตรี,1. วิทยาศาสตรบัณฑิต สาขาวิชาการสร้างเสริมสุขภาพเชิงนวัตกรรม (ปรับปรุง 2568),1RbFP1M8_gpixKSpbR8VWd5PcdM2O1WsQ,1Pitfo8CbPdvR_t48xklJVmJ5JEnChm7n,1,9,9.0,18.0,22.0,50.0,53,67
คณะวิทยาศาสตร์และเทคโนโลยี,ตรี,15. วท.บ.เทคโนโลยีการเกษตร,1u56mScImkiZdtOqZ9l7QfAgGHwc7_T8-,1ccg91_uYM-v2-njOAOqZGhrmE_K7iRb6,1,18,18.0,20.0,47.0,117.0,5,150
คณะวิทยาศาสตร์และเทคโนโลยี,ตรี,12. วท.บ.เทคโนโลยีชีวภาพ,1v7VEPL7k3IAoaNP2QvvNkt7bYaoPj-6S,1zWT0rfCjWdpGpAudGUDXmYdcROqrhmUY,1,13,13.0,27.0,30.0,72.0,76,91
คณะวิทยาศาสตร์และเทคโนโลยี,ตรี,2. FIN,1iUDD8tMeBkzDGNMf6uDZa2J_YOy-t_Pd,12-stlb8sR577gRhqQ8Sg0RUE2z9FHMFj,1,9,9.0,17.0,21.0,42.0,48,60
คณะวิทยาศาสตร์และเทคโนโลยี,ตรี,18. วท.บ.คณิตศาสตร์,1gwWIYZ85IixmONX93azaaoldIcBxGEcJ,1HxevGKdBDIspHwD5Gr2y8G0ZB1XU7pV9,1,9,9.0,23.0,27.0,56.0,61,75
คณะวิทยาศาสตร์และเทคโนโลยี,ตรี,3. วท.บ.วิทยาศาสตร์เทคโนโลยีการอาหาร,1_eSjEbbQju_1-nPRva_MIo6ZMagfB06C,10_gdaGhYrbutd4WwpSUwwcBtXvC9L4Bf,1,14,14.0,27.0,29.0,41.0,76,96
คณะวิทยาศาสตร์และเทคโนโลยี,ตรี,6. วท.บ.ฟิสิกส์,1g_joOmrXqhPx3bnxfIBXKW_XtmOEB907,15rvvktk9KYUdpHdic9Ra1THG3f7WGsg5,1,12,12.0,23.0,27.0,55.0,61,77
คณะวิทยาศาสตร์และเทคโนโลยี,ตรี,10. วท.บ.เทคโนโลยีเพื่อการพัฒนายั่งยืน,1vAvJ85TatVdjvnUHjw53MZUpBGoAk54t,1P2dwgvf-M1a36RFfSJgH97B3O1QLOJcx,1,9,9.0,18.0,22.0,49.0,53,66
คณะวิทยาศาสตร์และเทคโนโลยี,ตรี,4. วท.บ.วิทยาการคอมพิวเตอร์,1SsD-yPwZmmmj5QFvhsdfJdjN76QaNdik,1K0XotQHkb71Q-y1v1f8ndkbtjZrPFrTj,1,15,15.0,32.0,44.0,83.0,98,112
คณะวิทยาศาสตร์และเทคโนโลยี,ตรี,13. วท.บ.ประกันภัย,11C2pVxtz0IHosFPFO0DB0Xn6hqYx8gjP,1iwCe1ybM_xeZ2DRXJcHR5shV6b60VD3B,1,11,11.0,18.0,20.0,43.0,47,60
คณะวิทยาศาสตร์และเทคโนโลยี,ตรี,20. วท.บ.คอมพิวเตอร์เครือข่ายและความปลอดภัยทางไซเบอร์,1TYpYrsqHw3RcdF82X698yazMZu8LON9R,1gZf4ob2MscXVIodVEDe_Y5RhWfy02On9,1,15,15.0,24.0,28.0,57.0,73,85
คณะวิทยาศาสตร์และเทคโนโลยี,ตรี,1. BEB,1SS60J6yGt3CPcoGP68bui50j1nrwz7Ob,1x8U2CAjBt_LqtBMnjUdwFFiiK5dJJ53c,1,12,12.0,20.0,24.0,45.0,48,63
คณะวิทยาศาสตร์และเทคโนโลยี,ตรี,5.วท.บ.ฟิสิกส์อิเล็กทรอนิกส์,1p6JtDfNI9yNO1u47EzH2le77vFGXZjxW,193NHO6PfsxF5tcStrwPDTT4bU0WqlKKr,1,10,10.0,17.0,,,40,60
คณะวิทยาศาสตร์และเทคโนโลยี,ตรี,14. วท.บ.สถิติ,1tLuwBkyNhhc2Vr2dyZ4GhvrS6PSl5M7q,15uXq6-bU0tvfs-_tAxgXGwkbMyj8Al4Y,1,11,11.0,28.0,34.0,68.0,74,88
คณะวิทยาศาสตร์และเทคโนโลยี,ตรี,17. วท.บ. คณิตศาสตร์การจัดการ,1OT0XyDwTdPDbe-ADv1SKT2nhadmbbvPY,1ZtmaCEVldvkR6z62E7DIOtKC6t58Bzpz,1,11,11.0,19.0,22.0,44.0,48,64
คณะวิทยาศาสตร์และเทคโนโลยี,ตรี,19. วท.บ.เทคโนโลยีและนวัตกรรมดิจิทัล,1NeQtLgu037yBxpPeyxTKTi8ooX7YIHio,1iN6P6nYdCl1GLGuhCBwKFjlXdvDYuRI3,1,9,9.0,23.0,27.0,56.0,61,75
คณะวิทยาศาสตร์และเทคโนโลยี,ตรี,9. วท.บ.เคมี,1nrDdE11lGgRMEc4HUABuWN-ilxlqnAEh,1c4GzISqocm2MbTaCm-cat6bklGhPxy0t,1,12,12.0,13.0,28.0,78.0,81,82
คณะวิทยาศาสตร์และเทคโนโลยี,ตรี,8. วท.บ.วิทยาศาสตร์สิ่งแวดล้อม,1Z8qc-UCJfn1RwvU3gsJxonuqWGiJCA03,1ijte6xP5tGzwY7JhaTRDB9C1XPaTx0zq,1,8,8.0,17.0,20.0,47.0,49,66
คณะวิทยาศาสตร์และเทคโนโลยี,ตรี,11. วท.บ.วิทยาศาสตร์และเทคโนโลยีสิ่งทอ,1slAFbNqoDEZYuDQ5P-kr0V-KO8-MqRZE,18pqMPqydEefMbkish--nWnfO7ihUEf8g,1,11,11.0,23.0,27.0,74.0,78,94
คณะวิทยาศาสตร์และเทคโนโลยี,ตรี,16. วท.บ.คณิตศาสตร์ประยุกต์,1vkqK3vSIUwr_pAWhCMikXBUdhhCFMHPw,1Iur3vr8ctMhwmOYOCXun0U9nA4p5GZvo,1,10,10.0,20.0,22.0,52.0,56,69
คณะวิทยาศาสตร์และเทคโนโลยี,ตรี,7. วท.บ.วัสดุศาสตร์,1uJ2AWVmjq86LA9Ud6hQgUmxqfcmLxqfg,1_EhNuzyQUDnftnHGKYFVvKSnVL_nYpnJ,1,9,9.0,18.0,22.0,50.0,54,68
วิทยาลัยสหวิทยาการ,ตรี,ศศ.บ. (ปรัชญา การเมือง และเศรษฐศาสตร์) ท่าพระจันทร์,1EivZ4C9cxnX3W5KsPPuaXzVy0pc667DJ,1upOAVx516a6ZNvWiyht11k8pIgYYWZlQ,1,9,9.0,19.0,22.0,48.0,50,61
วิทยาลัยสหวิทยาการ,ตรี,ศศ.บ. (สหวิทยาการ) ศูนย์รังสิต,1nnmuLxY5quGQKRbw__IaBJrC3t4EKcKO,1Fi9lNJRxdktZ8Oqy2xeOD_P8SGF14Cn0,1,11,11.0,12.0,32.0,67.0,71,83
วิทยาลัยสหวิทยาการ,ตรี,วท.บ. (วิทยาศาสตร์และนวัตกรรมข้อมูล),1WGfoelYEzGJadyS0VlgsIynZlCyO96jL,1pESL4JtoZ0uxzZ1-eyTKQrFhajvN8Ig7,1,9,9.0,16.0,18.0,35.0,37,52
วิทยาลัยสหวิทยาการ,ตรี,ศศ.บ. (ปรัชญา การเมือง และเศรษฐศาสตร์) นานาชาติ,1n0XrdpHxom7LNE_BLCY1xAF8qlOI7agl,1hTqcgHypzuJLRsO63Bl7IOTmOVi67LEB,1,10,10.0,12.0,27.0,49.0,51,61
วิทยาลัยสหวิทยาการ,ตรี,ศศ.บ. (ปรัชญา การเมือง และเศรษฐศาสตร์) ศูนย์ลำปาง,1DJUmnQfwp6JOWNcrHmnIFLeEN1laPlca,1nQMML5ZDlv89WIqhkOyB7PVW7qX3gy_w,1,8,8.0,17.0,20.0,48.0,50,61
วิทยาลัยสหวิทยาการ,ตรี,ศศ.บ. (สหวิทยาการ) ศูนย์ลำปาง,1AGKHDdnL98ZaPfs3XR1_q3b7WuMxps9v,1XUKxpv3ag6OmNjwtPM7vqnBnE-7Khcu6,1,12,12.0,13.0,64.0,137.0,141,157
วิทยาลัยนวัตกรรม,ตรี,วทบ-นวัตกรรมบริการ66,1MXLayzFYuKjEdJaZkScjCFEC4891Y5EQ,1548JHcwmK8jEIz3E1joiDD5r7vNDVg3f,1,13,13.0,21.0,25.0,47.0,51,65
วิทยาลัยนวัตกรรม,ตรี,ศศบ-การจัดการมรดกวัฒนธรรม-66,1bfF6bsAAyeRFJar1IoZTKBONs44vJKPK,1pRStCgDNJJt3imPNfHeVnjj2Yk7TGPF_,1,11,11.0,22.0,24.0,52.0,55,65
วิทยาลัยนวัตกรรม,ตรี,วทบ-นวัตกรรมการแปรรูปดิจิทัล66,1GdwYYn6lokzCkouYV9NjS-nnt7aDooNP,1dZQKMFVkn9A13pkhue_veJm-YNgvddvx,1,10,10.0,18.0,22.0,40.0,43,52
คณะเศรษฐศาสตร์,ตรี,เศรษฐศาสตรบัณฑิต (นานาชาติ-ปรับปรุง 2566),12eLSINUIFfXkx918zIz1ovz-5DU0YVdu,19JeWR0GgGlk-ROXvkSI1uvU9eHVzr4Xw,1,10,10.0,24.0,26.0,85.0,89,102
คณะเศรษฐศาสตร์,ตรี,เศรษฐศาสตรบัณฑิต (ปรับปรุง 2566),1Gdb1axWooZ9YATPVDw3KYL1SeQ7oyF5q,1TszijVcj4WFJNfEneYZzGxTQzfvAqJki,1,12,12.0,25.0,27.0,86.0,90,100
คณะศิลปกรรมศาสตร์,ตรี,ศป.บ.ศิลปะการออกแบบพัสตราภรณ์(ปรับปรุง2566),13HjjKM7vmBqwB8Nm1hET_-bpGNdRHBO3,1EeySrskC1-UywSTdvvRcnvQGMCYm7aQV,1,12,12.0,27.0,31.0,57.0,60,80
คณะศิลปกรรมศาสตร์,ตรี,ศป.บ.ออกแบบหัตถอุตสาหกรรมสร้างสรรค์(ใหม่2569),1U64DKb7CkMTUwi62TvpoNmTszCyGimyc,1Z1yqquXlgKTRaK7AEBGMV2fbxUqti3kO,1,13,13.0,20.0,24.0,65.0,79,95
คณะศิลปกรรมศาสตร์,ตรี,ศป.บ.การละคอน(ปรับปรุง2566),1_99b8jRadk5o-5Zvv0uFCIrMEn4dlHQI,1R-yy2YdhHZvmigUX97nhWVHyl8soOwyV,1,13,13.0,26.0,30.0,58.0,61,77
คณะศิลปกรรมศาสตร์,ตรี,ศป.บ.การบริหารจัดการศิลปะ(ใหม่2568),1mKiUqi1dvoBV5BzJownogYarPNqnnT1q,1Zjr_4BKERh-aL2CyoxKrkY4YJDkeDFzD,1,12,12.0,19.0,23.0,36.0,39,56
วิทยาลัยโลกคดีศึกษา,ตรี,270868 มคอ.2 ศศ.บ. โลกคดีศึกษาและการประกอบการสังคม(นานาชาติ ปป. 2566),17dfIqnawJ-WBtwXa7Ekr637Y55h-X63G,1sCi6RBE2tDy2bygskUy4MkDwde3r5bDr,1,9,9.0,16.0,20.0,47.0,49,61
คณะสถาปัตยกรรมศาสตร์และการผังเมือง,ตรี,4-BUP66-26-การผังเมืองบัณฑิต66-กมอ.10-1-67,1vZ7uc4y4XILt5-GRkVjkguUos4TlHagL,1cKi0LRelM0-ZcU5AL96eQSiycopvxxUn,1,9,9.0,20.0,24.0,59.0,65,76
คณะสถาปัตยกรรมศาสตร์และการผังเมือง,ตรี,5-BRD66-วทบ-สถาปัตยกรรม เพื่อการพัฒนาอสังหาริมทรัพย์66-กมอ.10-1-67,1hOy-05SaiFbVMX2wnx6Q1VKIgb4jKF4l,1RrCZzxTK2BEYeQ4zWqerQRD1eqzVGSk4,1,10,10.0,20.0,24.0,54.0,56,68
คณะสถาปัตยกรรมศาสตร์และการผังเมือง,ตรี,3-BLN66-ภูมิสถาปัตยกรรมบัณฑิต66-10-1-67,13Hdll8yNyPXrHkyR7DGtaJFJM2iarCQu,1MwM9xlg74KT6QJJdwL1mTW1K5HF7M5wU,1,11,11.0,21.0,25.0,58.0,61,73
คณะสถาปัตยกรรมศาสตร์และการผังเมือง,ตรี,6-B-DBTM66-วท.บ.การจัดการออกแบบ ธุรกิจฯ66-กมอ.10-68(P20-10-68),1-25pRUN3jWbGuQE42aJ_lyhRAQ0dcf1o,1df9rSzuFNIDAnG5yOBf9OCZHD7qIJH_E,1,11,11.0,17.0,19.0,31.0,33,44
คณะสถาปัตยกรรมศาสตร์และการผังเมือง,ตรี,1-BAR66-วทบ-สถาปัตยกรรม66-กมอ.10-1-67,1vSDPuBde3GCRfhYjAN--E98TEO_uSl6-,1wJf177WdwGrJbCO-wpP6bsXJSVq4T9Vl,1,10,10.0,19.0,21.0,47.0,51,61
คณะสถาปัตยกรรมศาสตร์และการผังเมือง,ตรี,2-BIA66-สถาปัตยกรรมภายในบัณฑิต66-กมอ.10-1-67,14n917iBG18bKYSC2MCAWGuvOvLQt04TB,1kP09HGn5PjJnMObXpVwXeSHRR8Uc5OON,1,9,9.0,19.0,22.0,49.0,51,60
คณะสังคมสงเคราะห์ศาสตร์,ตรี,ศศ.บ.นโยบายสังคมและการพัฒนา  (ใหม่ 2568),1dJYqqk3xCnjCcf7Wg-5Pnfr9qPjdlC0P,16pj3J7Ftk1cqd16lIulkAgWSqvy_2vvz,1,11,11.0,17.0,20.0,22.0,50,62
คณะสังคมสงเคราะห์ศาสตร์,ตรี,สังคมสงเคราะห์ศาสตรบัณฑิต (ปรับปรุง 2566) ศูนย์ลำปาง,1JxPQka2Gf0FqyiitHkGOJ6IWXIgUpyFJ,1209kgYFIGYXdIMgpMUxwEsrSuHypZPXl,1,10,10.0,24.0,26.0,32.0,67,82
คณะสังคมสงเคราะห์ศาสตร์,ตรี,ศศ.บ.นโยบายสังคมและการพัฒนา (นานาชาติ) (ปรับปรุง 2566),1lorchdahFI52VSvSvf4boaM3g4h5rJyl,18PKuRdpjXv9yI-8rY6VZaQ_0bl3kYda6,1,12,12.0,19.0,22.0,25.0,53,64
คณะสังคมสงเคราะห์ศาสตร์,ตรี,สังคมสงเคราะห์ศาสตรบัณฑิต (ปรับปรุง 2566) ศูนย์รังสิต,1vVENhTLJaKiToKoybj4nZgqrhEqSKoQO,1ovL-Cbss6XwI3fm42_Ggfp9llJhT64tJ,1,11,11.0,26.0,28.0,34.0,71,85
คณะพยาบาลศาสตร์,ตรี,พยาบาลศาสตรบัณฑิต (ปรับปรุง 66),1XORsVd_TlGxlPEOMghSPCOdSyvYDN4_i,1bnCEv_andCT_vhPXJh1v5LgDOOeKWAr5,1,20,20.0,27.0,,,63,71
คณะวิศวกรรมศาสตร์,ตรี,TEP วศ.บ.เครื่องกล 66,1110XJvn8QRfJL27RKgLsKrNHwFPvvXlp,1V2L-fba1sPcKEYK4c3uwrVGR4KHzpME5,1,8,8.0,18.0,21.0,88.0,90,101
คณะวิศวกรรมศาสตร์,ตรี,TEPE วศ.บ.เครื่องกลเเละการจัดการ 66,13MOdRfuBGrVHh-UG-74rHo-Kkm9NC-zt,1jsuScVHA9zZqVdzxlb6RGNez4aQ2UJ2f,1,8,8.0,22.0,29.0,69.0,71,81
คณะวิศวกรรมศาสตร์,ตรี,TEPE วศ.บ.โยธาเเละการพัฒนาอสังหาฯ 66,1Y3G9R6j4FrTeYq_B1BqVTvBiOlIg8yJ5,1ISRRR8f3qHH6OzD3QpjD2fHoB0J_EsFD,1,9,9.0,23.0,30.0,73.0,74,87
คณะวิศวกรรมศาสตร์,ตรี,TEPE วศ.บ.ไฟฟ้าเเละข้อมูล 66,1RujzHpdwVORdBaemuRHmuLZ6ZCuyNCz-,1XoZKkR5NnJNKWaqXHWsBfTllOOxnO6jv,1,8,8.0,22.0,30.0,82.0,84,95
คณะวิศวกรรมศาสตร์,ตรี,TU PINE วศ.บ ซอฟเเวร์ 68,1XrkhAPppNQaMV0lshLecP-Xc1W_MeNAd,1RDlQnEt0bAjnEbxxfK01-ir03xZGH4aK,1,9,9.0,16.0,21.0,41.0,43,55
คณะวิศวกรรมศาสตร์,ตรี,TEP วศ.บ. โยธา 66,1kwvyBXqqhr_V8IiaChczjKCw4pDNI3jD,1ZoxAVdmBXxuoiTErjExvi3QqzHA6qfTn,1,10,10.0,18.0,21.0,65.0,66,78
คณะวิศวกรรมศาสตร์,ตรี,TEPE วศ.บ. เคมีเเละการจัดการ 68,1sKeauwjoyDctvjJqHERZtG0ArXoX4yji,1l9XwFCPxhWxGvRchd3ojXwkz6vKLgbke,1,10,10.0,22.0,29.0,53.0,54,68
คณะวิศวกรรมศาสตร์,ตรี,วศ.บ.วิศวกรรมเคมี 66,,1TwjKu3Au4IOtZ7LL3pt3SqJkOyg0UXtm,1,11,11.0,21.0,27.0,70.0,71,82
คณะวิศวกรรมศาสตร์,ตรี,วศ.บ.วิศวกรรมคอม 66,122M5aGrdgKIb68RJvdKp8hDQ6OJwia7c,1j-DK9lhz-1QQBRUnBpG9dkXG0Rpu0Wgl,1,9,9.0,18.0,25.0,58.0,60,73
คณะวิศวกรรมศาสตร์,ตรี,TEP วศ.บ. เคมี 68,1vr8L1faQksydaUgBkbPtQ8NY8earQmxJ,1SiXDdFlVnSWjghJ4PSFTbX2F8QQLjobN,1,10,10.0,22.0,29.0,53.0,54,68
คณะวิศวกรรมศาสตร์,ตรี,TU PINE วศ.บ.โยธาเเละการบริหารการก่อสร้าง 68,1UslO2Zh1_UOa7Cg-D9Wa8iFV-RBs5Iv-,1-RdsdTrP_nqvciTUj8RHtyl3nXKxwRVG,1,9,9.0,17.0,23.0,51.0,53,64
คณะวิศวกรรมศาสตร์,ตรี,วศ.บ.วิศวกรรมโยธา 66,,15yssTqxLl0BYLGyTkOA8MzKcNJOxvOVa,1,10,10.0,21.0,25.0,75.0,76,86
คณะวิศวกรรมศาสตร์,ตรี,TEP วศ.บ.ไฟฟ้า 68,1MKhvHm3I_F6Nm_9uXH3C631po8qaoTAd,15mqOcgKPnCLX-4A6GVlp06_NeJ17Trpd,1,8,8.0,19.0,22.0,87.0,89,100
คณะวิศวกรรมศาสตร์,ตรี,วศ.บ.วิศวกรรมอุตสาหการ 66,1cVMEsnqK6Pm-EsHzflIREyCIfzTX7DyL,1iYBoehlf_SQVAZTlukVb6x9RUJb9eZHt,1,9,9.0,19.0,24.0,71.0,73,85
คณะวิศวกรรมศาสตร์,ตรี,วศ.บ.วิศวกรรมไฟฟ้า 66,1VAiy8yFAr8vY-Vs8ybEwF0wzLb8QOQSg,1OO9p6dBeKxYT4iIJp4IzbknCwYokvUAb,1,8,8.0,19.0,28.0,76.0,78,88
คณะวิศวกรรมศาสตร์,ตรี,วศ.บ.วิศวกรรมเครื่องกล 66,,1FjDCpOciwFTPR9iAwKrlUK1p9d8J7Bei,1,9,9.0,19.0,25.0,70.0,72,80
คณะวิศวกรรมศาสตร์,ตรี,วศ.บ. วิศวกรรมยานยนฯ 66,1F4Z0HLBznlieWUbD2XAHfWGYVctJEzQS,14TrrYbRLeHyIe-PW5AzV_ZleFsFfU0LN,1,9,9.0,18.0,24.0,58.0,60,70
คณะวิศวกรรมศาสตร์,ตรี,TU PINE วศ.บ.ไฟฟ้าเเละการจัดการอุตสาหกรรม 66,1Bbt1kG5HV9scU-aNuGPpf4ZSMW2Om_n1,1MoE_b1q_r-2k0gE1z3Qt4D_8CGvUlp_k,1,10,10.0,18.0,24.0,48.0,50,59
คณะนิติศาสตร์,ตรี,นิติศาสตรบัณฑิต ศูนย์ลำปาง (ปรับปรุง 66),134ZzCyF3WCuaY71Umb7x43v9tJZCgKUg,1SzWJfcNKmGgCTsY9xbRKTzboS0tXDnjM,1,13,13.0,30.0,32.0,94.0,96,107
คณะนิติศาสตร์,ตรี,นิติศาสตรบัณฑิต ท่าพระจันทร์ (ปรับปรุง 66),1nRX0lUPE5gGKakAtEGhpXmNgc1WXJhb3,12u2dK_HTN5NvNRmcX637K5ifcx67AXlZ,1,13,13.0,29.0,31.0,92.0,94,104
คณะนิติศาสตร์,ตรี,นิติศาสตรบัณฑิต ศูนยรังสิต (ปรับปรุง 66),1GqjYPRhfG-lxa-twAhKG0bwu3LKIYw1H,1_mDZNjI3EqFdWs0qD0RrT4EwcFbo-3p0,1,13,13.0,30.0,32.0,94.0,96,107
คณะนิติศาสตร์,ตรี,น.บ. กฎหมายธุรกิจ (นานาชาติ-ปรับปรุง 66),1dqBCvgsVemkwXwA2kmqWe_MYs9f0wlK8,1C4dLQvT0pz_kuiPEXMvk-48AlSX2t8XR,1,11,11.0,22.0,23.0,71.0,73,81
คณะศิลปศาสตร์,ตรี,7.ศศ.บ.อังกฤษ-อเมริกันศึกษา(นานาชาติ-ปรับปรุง พ.ศ.2566),1Nsm5Febp5gYyPekeJkfeJ3v1woXDjLsp,1X2MtOzAXAbZLXry9bQg3I_d0ox5DIN24,1,12,12.0,23.0,25.0,59.0,62,74
คณะศิลปศาสตร์,ตรี,3.ศศ.บ.ภาษาอังกฤษ (ปรับปรุง พ.ศ.2566),1JQpdM6xFxI5jQVnzjCgJ9yXdjdnxvtnN,1fW-HhXvs42fuWO7aQSqI6tZf2gi440nP,1,11,11.0,19.0,21.0,37.0,40,49
คณะศิลปศาสตร์,ตรี,8.ศศ.บ.การสื่อสารเชิงธุรกิจ(นานาชาติ-ปรับปรุง พ.ศ.2566),1yy_-WG_V-eRW8CkXF2wtVAjPcxcgwHJG,1hF6ZGIkZzfP6-c-LIlCDrY7ZW4DO6wRQ,1,12,12.0,25.0,33.0,68.0,71,85
คณะศิลปศาสตร์,ตรี,5.วท.บ.ภูมิศาสตร์และภูมิสารสนเทศ (ปรับปรุง พ.ศ.2566),1TwwOOtO2o5SnPivg7Ft8aQ6WiTTAPol9,1RhEGh_nLVvrkloBsbzCVJL43F17KwfID,1,12,12.0,17.0,25.0,42.0,46,63
คณะศิลปศาสตร์,ตรี,1.วท.บ.จิตวิทยา (ปรับปรุง พ.ศ.2566),17tY7eqOCQACnQN7qY3qPBtFPDqaEnIiJ,1IbNwl336EH8H_v9zVRgK5kXARIW93LkF,1,10,10.0,20.0,22.0,43.0,46,59
คณะศิลปศาสตร์,ตรี,2.ศิลปศาสตรบัณฑิต (ปรับปรุง พ.ศ.2566),1htAmfKkQpgIbFuLtibiCNh7Kiisa6enQ,1ttaEwUCW7Lae1Sbb4V24Xgvp9IMDf3Sk,1,39,39.0,108.0,,,333,354
คณะศิลปศาสตร์,ตรี,6.ศศ.บ.อาณาบริเวณศึกษา (ปรับปรุง พ.ศ.2566),10cQoVYZH-vY1_6AwZeMmqv66LMLqTOtV,1C4aXUATXT9mD7RommkspFEo5aFMw7kbK,1,11,11.0,30.0,36.0,90.0,94,104
คณะศิลปศาสตร์,ตรี,4.ศศ.บ.ภาษาไทย (ปรับปรุง พ.ศ.2566),15rTt7XGPQ9FBcB7fx2k-BH_u31Dc-HNd,1LU-dLDUlqeCORhlA-IuZwtBowFnzwdY1,1,9,9.0,18.0,20.0,39.0,42,53
คณะศิลปศาสตร์,ตรี,9.ศศ.บ.การแปลและล่ามในยุคดิจิทัล (ปรับปรุง พ.ศ.2566),17H6vCtIE1at0Agug3_TjqKfoUJmx0Sst,1-LHKks8IO_7Qm2foPlpRcxz89Q3hNUlQ,1,9,9.0,20.0,22.0,54.0,59,69
คณะรัฐศาสตร์,ตรี,รัฐศาสตรบัณฑิต (ปรัปบปรุง 2566),1FIPEcZcBAcgUl50qGsYhMzV3S2-kZsvm,1byv8ozy6xZdm1F_vp1RKD4v7AwY5dL_O,1,10,10.0,26.0,29.0,97.0,99,111
คณะรัฐศาสตร์,ตรี,ร.บ. การเมืองและการระหว่างประเทศ (นานาชาติ)  (ปรับปรุง 2568),1La1lpKetCtQxGntIVjm7dLNjRDmawsPR,1d_IETykIwkWCHcrOu3H-jpsJSz_AK1zy,1,11,11.0,53.0,65.0,185.0,188,202
วิทยาลัยแพทยศาสตร์นานาชาติจุฬาภรณ์,ตรี,พบ-วท.บ.วิทยาศาสตร์การแพทย์(interใหม่67),,1T1sfYBPrpOLlKnFFETIlweBnKnpIQyhQ,1,32,32.0,48.0,54.0,110.0,133,162
วิทยาลัยแพทยศาสตร์นานาชาติจุฬาภรณ์,ตรี,วท.บ.เทคโนโลยีหัวใจและทรวงอก(นานาชาติ-ปรับปรุง66)-กมอ.1-68(8ม.ค.68),1PY0E5naQpalxJzIWXuwmZSwPfLwmMQG9,1_XtVsUm6Nt09Fq2MbaLY___9kXUx6M3u,1,15,,,39.0,88.0,97,128
วิทยาลัยแพทยศาสตร์นานาชาติจุฬาภรณ์,ตรี,ทัศนมาตรศาสตรบัณฑิต(นานาชาติ-ปรับปรุง66)-กมอ.1-68(1-68(8ม.ค.68),1LB7hixEL-lnNPoQ_5LslTdKVB8UXxdxK,1ndbCja02eg9yzQI2YyKeBI9qOnEhN6Hr,1,11,11.0,19.0,23.0,54.0,62,77
วิทยาลัยแพทยศาสตร์นานาชาติจุฬาภรณ์,ตรี,การแพทย์แผนจีนบัณฑิต66-กมอ.7-67,1WeLFX1K4_-qgwILF1Ap4p-w_3wSU2wRZ,1Oj3CAOggMKSqHo3pW2PaM6ZzoEv0_gnH,1,15,15.0,24.0,30.0,57.0,63,85
วิทยาลัยนานาชาติปรีดี พนมยงค์,ตรี,ปริญญาตรี - ศศ.บ.ไทยศึกษา,1aUAaaJJkqvSN4JM4wuAK0L4KG1GsOEKA,1Rm5f4zhXi7EQK-vSBUqWjMTljk8iD7Sm,1,9,9.0,27.0,35.0,115.0,118,130
วิทยาลัยนานาชาติปรีดี พนมยงค์,ตรี,ปริญญาตรี - ศศ.บ.จีนศึกษา,14kz99PRSYEVq55rfAOaOOH-ieuWa0ilO,1q3jblb8uHlN9EAd3MRjihi6KhoUDzmxb,1,11,11.0,28.0,31.0,77.0,79,90
คณะวารสารศาสตร์และสื่อสารมวลชน,ตรี,วารสารศาสตรบัณฑิต สื่อศึกษา (นานาชาติ) (ปรับปรุง 2566),1vtx5Gkf-MyWqWRamIn4kp7HJaa7wPCyD,1Ilv6_ptkZI4GFqFV0EK5HchcF4VlHLZD,1,9,9.0,20.0,22.0,59.0,61,76
คณะวารสารศาสตร์และสื่อสารมวลชน,ตรี,วารสารศาสตรบัณฑิต (ปรับปรุง 2566),1YndtZ8-qYyQDaoejXU5TUP5GGO8vs6DC,15qdkfv_hkUbpqVM1Rsha8vKer-lAgR73,1,9,9.0,29.0,31.0,102.0,104,125
คณะแพทยศาสตร์,ตรี,2.แพทยศาสตรบัณฑิต (หลักสูตรภาษาอังกฤษ-หลักสูตรปรับปรุง พ.ศ. 2568),1jJzLUnwXgHQkIAnxCPMtB_5DuFGFVowl,1JIDs_Q-zWAu5Raj3Vk3nFFRrnVJ88rwQ,1,19,19.0,31.0,33.0,82.0,86,112
คณะแพทยศาสตร์,ตรี,1.แพทยศาสตรบัณฑิต (หลักสูตรปรับปรุง พ.ศ.2568),1oljPrlR1563_V564ZC-b84hABoSrLh22,1ykT5eGUG_8-UZf0ZHyut1ouVPubo9eTN,1,21,21.0,34.0,37.0,93.0,97,120
คณะแพทยศาสตร์,ตรี,4.การแพทย์แผนไทยประยุกต์บัณฑิต (หลักสูตรใหม่ พ.ศ.2569) ศูนย์ลำปาง,1czInVZv9jZU9F834BJAuGX6U3oKNxe4v,1I9qBUchBydejWwGgbkpC-IdZFvfg61G-,1,15,15.0,23.0,26.0,53.0,73,87
คณะแพทยศาสตร์,ตรี,3.การแพทย์แผนไทยประยุกต์บัณฑิต (หลักสูตรปรับปรุง พ.ศ.2566),15wvKVmlsBlMxW7Mo_dYP5c7H8BK3MN_o,1ILhBx9fweBqfitIQ9_2LokTeijiC3LtH,1,22,22.0,29.0,32.0,54.0,62,72
วิทยาลัยพัฒนศาสตร์ ป๋วย อึ๊งภากรณ์,ตรี,ศศบนวัตกรรมการพัฒนามนุษย์66ป๋วย,1_RY8m5V_CFI6K5v8tr17WrPSgr3tP61t,1Xlsqq3uIACYUSGZYfpewhW33DtjgKc4U,1,10,10.0,22.0,24.0,60.0,64,73
